Lokasi;Jadwal;Alamat
"GG. NAMLO RT.4 RW.1 MOJOKAMPUNG - BOJONEGO";"2026-10-04 09:00:00";
"Desa Sukowati";"2026-10-04 09:00:00";"Kecamatan Kapas"
"ALON - ALON BOJONEGORO";"2026-10-04 06:00:00";
"DESA SIMBATAN KEC.KANOR";"2026-10-04 09:00:00";"BALAI DESA SIMBATAN "
"GEREJA KATOLIK SANTO PAULUS BOJONEGORO";"2026-10-04 08:00:00";"JL PANGLIMA SUDIRMAN - BOJONEGORO"
"ICTEK ICSADA BOJONEGORO";"2026-10-05 09:00:00";"Jl. Dr. Wahidin No. 48 A"
"KARTAR JOMBOK  DS. SUMBEREJO";"2026-10-06 19:00:00";"Kec. Sumberrejo"
"PUSKESMAS KEC. KASIMAN ";"2026-10-06 09:00:00";"Jl. Raya Kasiman"
"PUSKESMAS KEC. KANOR";"2026-10-07 09:00:00";"Jl. Raya Kanor"
"SMP NEGERI 1 KANOR";"2026-10-07 09:00:00";
"KECAMATAN PADANGAN";"2026-10-07 09:00:00";"JL DR SUTOMO -PADANGAN"
"DESA KEMAMANG ";"2026-10-07 09:00:00";BALEN
"MAN 4 Bojonegoro ( Baureno )";"2026-10-08 09:00:00";"JL. RAYA BAURENO"
